,Department_ID,Department_Name,Employee_ID,Name,Age,Salary
0,1,Marketing,1,Devin Valenzuela,30,105051.52
1,1,Marketing,7,Lisa Page,58,86450.59
2,1,Marketing,15,Robert Williams,54,101209.02
3,1,Marketing,16,Michael Jones,46,69580.76
4,1,Marketing,34,Morgan Patterson,55,75474.24
5,1,Marketing,43,Dr. Miranda Jones,22,73194.1
6,1,Marketing,55,Alexis Simmons,44,41034.6
7,1,Marketing,67,Aaron Walls,59,101187.13
8,1,Marketing,85,Diane Davenport,38,88522.34
9,1,Marketing,98,Courtney Johnson,51,100825.68
10,2,IT,21,Barbara Brown,33,58914.2
11,2,IT,26,Breanna Gutierrez MD,34,72574.34
12,2,IT,44,John Rodriguez,27,56403.87
13,2,IT,86,Jodi Hicks,35,63981.82
14,2,IT,89,Katherine Newton,28,91229.76
15,2,IT,90,Christina Estes,51,47666.79
16,2,IT,92,Rodney Dean,28,64894.92
17,2,IT,100,Johnny Jordan,53,81378.16
18,3,HR,5,Jennifer Jackson,33,62113.81
19,3,HR,25,Kathryn Moore,46,105409.16
20,3,HR,33,Debra Welch,27,59630.35
21,3,HR,52,Danny Daniels,25,30607.94
22,3,HR,54,Christopher Murphy,32,59333.26
23,3,HR,59,Michelle French,36,91466.69
24,3,HR,60,Luis Goodman,51,54289.78
25,3,HR,69,Jennifer Graves,47,52985.69
26,3,HR,72,Bradley Bryant,48,102970.34
27,3,HR,79,John Bryant,36,32072.54
28,4,Finance,18,Jose Simpson,30,112631.91
29,4,Finance,39,Joanna Fisher,47,65774.81
30,4,Finance,47,Nicholas Webb,39,75905.15
31,4,Finance,48,Kimberly Love,60,62593.7
32,4,Finance,49,Gina Jenkins,53,48979.73
33,4,Finance,50,Christina Griffin,46,56292.75
34,4,Finance,56,Amber Roth,52,109786.18
35,4,Finance,61,Kathryn Powell,27,95754.14
36,4,Finance,76,Michelle Brown,46,44735.05
37,4,Finance,78,Cynthia Henry,36,78861.5
38,4,Finance,87,Jill Cohen,28,31590.15
39,4,Finance,91,Lori Thomas,52,43659.12
40,4,Finance,99,Charles Barnes,56,52616.74
41,5,Sales,24,Heather Cross,37,118234.32
42,5,Sales,97,Alyssa Ochoa,47,119855.27
43,6,Marketing,8,Jackie Coffey,28,57353.5
44,6,Marketing,19,James Zuniga,55,100797.58
45,6,Marketing,20,Susan Munoz,59,55195.71
46,6,Marketing,32,Brian Bailey,57,50557.59
47,6,Marketing,70,Rachel Valencia,50,75392.04
48,6,Marketing,74,Lisa Bush,23,70074.21
49,7,IT,4,Melanie Morgan,52,35521.19
50,7,IT,9,Susan Gordon,54,86417.2
51,7,IT,10,Cynthia Farley,48,110690.67
52,7,IT,11,Richard Stephens,23,52228.73
53,7,IT,30,Nicholas Johnson,50,39922.2
54,7,IT,31,Seth Vaughn,40,53819.9
55,7,IT,36,Derrick Harrington,51,76907.31
56,7,IT,42,Elizabeth Mccarthy,39,37775.13
57,7,IT,45,Joseph Estrada,42,82955.57
58,7,IT,46,Thomas Martin,52,112060.52
59,7,IT,57,Dr. Bryan Reed III,42,53880.86
60,7,IT,64,Anna Taylor,44,30001.13
61,7,IT,65,Timothy Craig,59,59157.42
62,7,IT,66,Adam Flores,34,65454.7
63,7,IT,71,Daniel Brooks,41,88109.17
64,7,IT,73,Amanda King,35,74573.64
65,7,IT,95,Hannah Flowers,51,106800.99
66,8,HR,3,Tamara Evans,33,61448.77
67,8,HR,13,Cristian Mcintosh,58,76926.85
68,8,HR,22,William Gordon,42,113247.19
69,8,HR,27,Cheryl Johnson,59,77960.05
70,8,HR,28,Eileen Gonzalez,27,118597.34
71,8,HR,29,Tiffany Johnson,44,63584.75
72,8,HR,40,Sarah Patel,45,115687.54
73,8,HR,75,Cynthia Ramos,55,93680.17
74,8,HR,80,Joseph Jacobson,40,74771.29
75,8,HR,81,Christopher Irwin,54,61288.85
76,8,HR,82,Richard Frazier,29,33451.49
77,8,HR,84,Brenda Carter,28,117559.78
78,8,HR,88,Anthony Williams,49,76060.71
79,8,HR,94,Deborah Evans,38,39734.88
80,9,Finance,14,Christopher King,57,112957.48
81,9,Finance,35,Melissa Horn,55,102692.24
82,9,Finance,38,Kerry Fernandez,54,65971.46
83,9,Finance,51,Tina Torres,39,55386.33
84,9,Finance,62,Kristen Murphy,38,108731.42
85,9,Finance,68,Brian Vazquez,45,99675.42
86,9,Finance,77,Jessica Odom,35,88763.06
87,9,Finance,83,Michelle Garcia,53,87785.64
88,9,Finance,93,Sean Miller,38,95348.36
89,9,Finance,96,Philip Graham,25,63210.05
90,10,Sales,2,Brandon Alvarez,59,97513.71
91,10,Sales,6,Lisa Scott,50,105135.08
92,10,Sales,12,Jeffrey Cook,44,87660.22
93,10,Sales,17,Andrew Walter,57,89985.36
94,10,Sales,23,Joshua Hall,47,108787.33
95,10,Sales,37,Dale Barber,36,109817.83
96,10,Sales,41,Kevin Clarke,23,118198.66
97,10,Sales,53,Craig Shaw,57,98685.9
98,10,Sales,58,Sarah Arnold,56,85287.8
99,10,Sales,63,Carolyn Hunt,23,32196.6
