,Employee_ID,Name,Age,Department_ID,Salary
1,2,Brandon Alvarez,59,10,97513.71
3,4,Melanie Morgan,52,7,35521.19
5,6,Lisa Scott,50,10,105135.08
6,7,Lisa Page,58,1,86450.59
8,9,Susan Gordon,54,7,86417.2
9,10,Cynthia Farley,48,7,110690.67
12,13,Cristian Mcintosh,58,8,76926.85
13,14,Christopher King,57,9,112957.48
14,15,Robert Williams,54,1,101209.02
15,16,Michael Jones,46,1,69580.76
16,17,Andrew Walter,57,10,89985.36
18,19,James Zuniga,55,6,100797.58
19,20,Susan Munoz,59,6,55195.71
22,23,Joshua Hall,47,10,108787.33
24,25,Kathryn Moore,46,3,105409.16
26,27,Cheryl Johnson,59,8,77960.05
29,30,Nicholas Johnson,50,7,39922.2
31,32,Brian Bailey,57,6,50557.59
33,34,Morgan Patterson,55,1,75474.24
34,35,Melissa Horn,55,9,102692.24
35,36,Derrick Harrington,51,7,76907.31
37,38,Kerry Fernandez,54,9,65971.46
38,39,Joanna Fisher,47,4,65774.81
45,46,Thomas Martin,52,7,112060.52
47,48,Kimberly Love,60,4,62593.7
48,49,Gina Jenkins,53,4,48979.73
49,50,Christina Griffin,46,4,56292.75
52,53,Craig Shaw,57,10,98685.9
55,56,Amber Roth,52,4,109786.18
57,58,Sarah Arnold,56,10,85287.8
59,60,Luis Goodman,51,3,54289.78
64,65,Timothy Craig,59,7,59157.42
66,67,Aaron Walls,59,1,101187.13
68,69,Jennifer Graves,47,3,52985.69
69,70,Rachel Valencia,50,6,75392.04
71,72,Bradley Bryant,48,3,102970.34
74,75,Cynthia Ramos,55,8,93680.17
75,76,Michelle Brown,46,4,44735.05
80,81,Christopher Irwin,54,8,61288.85
82,83,Michelle Garcia,53,9,87785.64
87,88,Anthony Williams,49,8,76060.71
89,90,Christina Estes,51,2,47666.79
90,91,Lori Thomas,52,4,43659.12
94,95,Hannah Flowers,51,7,106800.99
96,97,Alyssa Ochoa,47,5,119855.27
97,98,Courtney Johnson,51,1,100825.68
98,99,Charles Barnes,56,4,52616.74
99,100,Johnny Jordan,53,2,81378.16
